<?xml version="1.0" encoding="UTF-8"?>
<project-private xmlns="http://www.netbeans.org/ns/project-private/1">
    <editor-bookmarks xmlns="http://www.netbeans.org/ns/editor-bookmarks/2" lastBookmarkId="0"/>
    <open-files xmlns="http://www.netbeans.org/ns/projectui-open-files/2">
        <group>
            <file>file:/C:/Users/Pablo/Documents/NetBeansProjects/guia8ej6/src/entidad/Menu.java</file>
            <file>file:/C:/Users/Pablo/Documents/NetBeansProjects/guia8ej6/src/servicio/ServicioProducto.java</file>
            <file>file:/C:/Users/Pablo/Documents/NetBeansProjects/guia8ej6/src/main/Principal.java</file>
            <file>file:/C:/Users/Pablo/Documents/NetBeansProjects/guia8ej6/src/entidad/Producto.java</file>
        </group>
    </open-files>
</project-private>
